First Name,Last Name,Email
Farhaan,Khan,farhaankhan.@gmail.com
Rehaan ,Khan,rehaan@gmail.com
Soltan, Khan,soltan@gmial.com
Salma,Bibi ,salma@gmail.com
Chandni ,Khatun ,chandni@gmail.com
afrin ,Khatun ,afrin@gmail.com
